Date;Internal_Number;Instrument_Name;ENTITY_QID;Country;Size;Shadow_Company;ISIN;SEDOL;Instrument_Name_right;Mcap_Units_Index_Currency;Weight;;;;;Date;Index_Symbol;Index_Name;Internal_Number;ISIN;SEDOL;RIC;Instrument_Name;Country;Exchange;ICB;Free_Float;Shares;Close_unadjusted_local;FX_local_to_Index_Currency;Cutoff;Currency;Close_unadjusted_local_Cutoff;Shares_Cutoff;FX_local_to_Index_Currency_Cutoff;ENTITY_QID;Capfactor;Free_Float_MCAP_USD_Cutoff;Full_MCAP_USD_Cutoff;;;
6/24/2024;B03NGS;PKO BANK;E004YPM69;PL;Standard;FALSE;PLPKO0000016;B03NGS5;PKO BANK; 13,163,297,106.00 ; 0.17 ;;;;;6/24/2024;SWEACGV;STX EM ACp USD GR;B03NGS;PLPKO0000016;B03NGS5;PKO.WA;PKO BANK;PL;Warsaw Stock Exchange;30101010;0.6861;1250000000;61.48;0.249651;5/31/2024;PLN;59.36;1250000000;0.25400098;E004YPM69;1; 12,930,839,380.63 ; 18,846,872,730.84 ;;;
6/24/2024;581006;ORLEN;E004YRE3Q;PL;Standard;FALSE;PLPKN0000018;5810066;ORLEN; 9,754,873,913.00 ; 0.13 ;;;;;6/24/2024;SWEACGV;STX EM ACp USD GR;581006;PLPKN0000018;5810066;PKN.WA;ORLEN;PL;Warsaw Stock Exchange;60101020;0.501;1160942049;67.18;0.249651;5/31/2024;PLN;63.57;1160942049;0.25400098;E004YRE3Q;1; 9,391,519,647.09 ; 18,745,548,197.78 ;;; 1,057,388,705.13 
6/24/2024;547311;PEKAO;E004YP34X;PL;Standard;FALSE;PLPEKAO00016;5473113;PEKAO; 7,232,488,818.00 ; 0.09 ;;;;;6/24/2024;SWEACGV;STX EM ACp USD GR;715363;PLBZ00000044;7153639;SPL1.WA;SANTANDER BANK POLSKA;PL;Warsaw Stock Exchange;30101010;0.3259;102189314;527.6;0.249651;5/31/2024;PLN;504.4;102189314;0.25400098;E004YR9WK;1; 4,266,780,628.35 ; 13,092,300,179.04 ;;;
6/24/2024;PL001B;PZU GROUP;E004YOH93;PL;Standard;FALSE;PLPZU0000011;B63DG21;PZU GROUP; 7,107,828,157.00 ; 0.09 ;;;;;6/24/2024;SWEACGV;STX EM ACp USD GR;PL001B;PLPZU0000011;B63DG21;PZU.WA;PZU GROUP;PL;Warsaw Stock Exchange;30302010;0.6581;863523000;50.1;0.249651;5/31/2024;PLN;50;863523000;0.25400098;E004YOH93;1; 7,217,240,827.63 ; 10,966,784,421.26 ;;;
6/24/2024;PL00OY;ALLEGRO.EU;E004YUBA9;PL;Standard;FALSE;LU2237380790;BMBQDF6;ALLEGRO.EU; 5,863,474,577.00 ; 0.08 ;;;;;6/24/2024;SWEACGV;STX EM ACp USD GR;547311;PLPEKAO00016;5473113;PEO.WA;PEKAO;PL;Warsaw Stock Exchange;30101010;0.672;262470034;164.25;0.249651;5/31/2024;PLN;160;262470034;0.25400098;E004YP34X;1; 7,168,105,288.15 ; 10,666,823,345.46 ;;;
6/24/2024;712797;LPP;E004YRYX5;PL;Standard;FALSE;PLLPP0000011;7127979;LPP; 5,452,055,078.00 ; 0.07 ;;;;;6/24/2024;SWEACGV;STX EM ACp USD GR;PL00OY;LU2237380790;BMBQDF6;ALEP.WA;ALLEGRO.EU;PL;Warsaw Stock Exchange;40201070;0.5907;1056904853;37.62;0.249651;5/31/2024;PLN;37.775;1056904853;0.25400098;E004YUBA9;1; 5,990,219,388.96 ; 10,140,882,662.88 ;;;
6/24/2024;526325;KGHM;E004YMSYY;PL;Standard;FALSE;PLKGHM000017;5263251;KGHM; 5,175,021,298.00 ; 0.07 ;;;;;6/24/2024;SWEACGV;STX EM ACp USD GR;PL704L;PLDINPL00011;BD0YVN2;DNP.WA;DINO POLSKA SA;PL;Warsaw Stock Exchange;45201010;0.4884;98040000;414.3;0.249651;5/31/2024;PLN;392.1;98040000;0.25400098;E004YRHZ6;1; 4,768,822,882.62 ; 9,764,174,616.34 ;;;
6/24/2024;PL704L;DINO POLSKA SA;E004YRHZ6;PL;Standard;FALSE;PLDINPL00011;BD0YVN2;DINO POLSKA SA; 4,952,531,921.00 ; 0.07 ;;;;;6/24/2024;SWEACGV;STX EM ACp USD GR;712797;PLLPP0000011;7127979;LPPP.WA;LPP;PL;Warsaw Stock Exchange;40204020;0.688;1855190;17110;0.249651;5/31/2024;PLN;17340;1855190;0.25400098;E004YRYX5;1; 5,621,617,838.39 ; 8,170,956,160.45 ;;;
6/24/2024;715363;SANTANDER BANK POLSKA;E004YR9WK;PL;Standard;FALSE;PLBZ00000044;7153639;SANTANDER BANK POLSKA; 4,386,599,888.00 ; 0.06 ;;;;;6/24/2024;SWEACGV;STX EM ACp USD GR;526325;PLKGHM000017;5263251;KGH.WA;KGHM;PL;Warsaw Stock Exchange;55102040;0.6821;200000000;151.95;0.249651;5/31/2024;PLN;151.7;200000000;0.25400098;E004YMSYY;1; 5,256,528,441.15 ; 7,706,389,739.27 ;;;
6/24/2024;PL106H;CD PROJECT SA;E004YSKWW;PL;Standard;FALSE;PLOPTTC00011;7302215;CD PROJECT SA; 2,508,316,002.00 ; 0.03 ;;;;;6/24/2024;SWEACGV;STX EM ACp USD GR;414305;PLBRE0000012;4143053;MBK.WA;MBANK;PL;Warsaw Stock Exchange;30101010;0.3088;42465167;622.4;0.249651;5/31/2024;PLN;626;42465167;0.25400098;E004YO5DY;1; 2,085,066,226.90 ; 6,752,157,470.52 ;;;
6/24/2024;414933;BUDIMEX;E004YP7R7;PL;Standard;FALSE;PLBUDMX00013;4149330;BUDIMEX; 2,253,120,315.00 ; 0.03 ;;;;;6/24/2024;SWEACGV;STX EM ACp USD GR;414933;PLBUDMX00013;4149330;BDXP.WA;BUDIMEX;PL;Warsaw Stock Exchange;50101010;0.4986;25530098;709;0.249651;5/31/2024;PLN;747.5;25530098;0.25400098;E004YP7R7;1; 2,416,859,174.26 ; 4,847,290,762.66 ;;;
6/24/2024;PL303G;ALIOR BANK;E004YOKQ6;PL;Standard;FALSE;PLALIOR00045;B8W8F13;ALIOR BANK; 2,167,766,647.00 ; 0.03 ;;;;;6/24/2024;SWEACGV;STX EM ACp USD GR;EW059;PLPGER000010;B544PW9;PGE.WA;PGE;PL;Warsaw Stock Exchange;65101015;0.383;2243712994;6.96;0.249651;5/31/2024;PLN;6.774;2243712994;0.25400098;E004YN489;1; 1,478,586,245.73 ; 3,860,538,500.60 ;;;
6/24/2024;414305;MBANK;E004YO5DY;PL;Standard;FALSE;PLBRE0000012;4143053;MBANK; 2,037,572,658.00 ; 0.03 ;;;;;6/24/2024;SWEACGV;STX EM ACp USD GR;525606;PLBH00000012;5256068;BHW.WA;HANDLOWY;PL;Warsaw Stock Exchange;30101010;0.2499;130659600;108.2;0.249651;5/31/2024;PLN;107.4;130659600;0.25400098;E004YQ1M0;1; 890,732,409.25 ; 3,564,355,379.15 ;;;
6/24/2024;EW059;PGE;E004YN489;PL;Standard;FALSE;PLPGER000010;B544PW9;PGE; 1,493,168,129.00 ; 0.02 ;;;;;6/24/2024;SWEACGV;STX EM ACp USD GR;PL11CO;NL0015000AU7;BMXNYN0;PCOP.WA;PEPCO GROUP;PL;Warsaw Stock Exchange;40401010;0.2785;576027342;22.35;0.249651;5/31/2024;PLN;24.31;576027342;0.25400098;E004YULR6;1; 990,577,933.60 ; 3,556,832,795.70 ;;;
6/24/2024;555255;ORANGE POLSKA;E004YRAJ6;PL;Standard;FALSE;PLTLKPL00017;5552551;ORANGE POLSKA; 1,343,067,010.00 ; 0.02 ;;;;;6/24/2024;SWEACGV;STX EM ACp USD GR;PL106H;PLOPTTC00011;7302215;CDR.WA;CD PROJECT SA;PL;Warsaw Stock Exchange;40203040;0.7025;99910510;143.15;0.249651;5/31/2024;PLN;130.3;99910510;0.25400098;E004YSKWW;1; 2,322,936,364.60 ; 3,306,670,981.64 ;;;
6/24/2024;407732;BANK MILLENNIUM;E004YP355;PL;Standard;FALSE;PLBIG0000016;4077323;BANK MILLENNIUM; 1,287,585,677.00 ; 0.02 ;;;;;6/24/2024;SWEACGV;STX EM ACp USD GR;PL303G;PLALIOR00045;B8W8F13;ALRR.WA;ALIOR BANK;PL;Warsaw Stock Exchange;30101010;0.6809;130553991;97.68;0.249651;5/31/2024;PLN;95.66;130553991;0.25400098;E004YOKQ6;1; 2,159,927,907.97 ; 3,172,166,115.40 ;;;
;;;;;;;;;;;;;;;;6/24/2024;SWEACGV;STX EM ACp USD GR;407732;PLBIG0000016;4077323;MILP.WA;BANK MILLENNIUM;PL;Warsaw Stock Exchange;30101010;0.499;1213116777;8.52;0.249651;5/31/2024;PLN;8.975;1213116777;0.25400098;E004YP355;1;1379980674;2765492333;;;
;;;;;;;;;;;;;;;;6/24/2024;SWEACGV;STX EM ACp USD GR;555255;PLTLKPL00017;5552551;OPL.WA;ORANGE POLSKA;PL;Warsaw Stock Exchange;15102015;0.4933;1312357479;8.31;0.249651;5/31/2024;PLN;8.2;1312357479;0.25400098;E004YRAJ6;1;1348380648;2733388706;;;
;;;;;;;;;;;;;;;;6/24/2024;SWEACGV;STX EM ACp USD GR;B04QR1;PLCCC0000016;B04QR13;CCCP.WA;CCC SA;PL;Warsaw Stock Exchange;40401020;0.6667;68868000;135.2;0.249651;5/31/2024;PLN;133.5;68868000;0.25400098;E004YPV4W;1;1556913858;2335254024;;;
;;;;;;;;;;;;;;;;6/24/2024;SWEACGV;STX EM ACp USD GR;PL10CN;PLKRK0000010;B4PTLY0;KRU.WA;KRUK;PL;Warsaw Stock Exchange;30201020;0.9105;19318790;465.4;0.249651;5/31/2024;PLN;456;19318790;0.25400098;E004YPC82;1;2037324027;2237588168;;;
;;;;;;;;;;;;;;;;6/24/2024;SWEACGV;STX EM ACp USD GR;PL701I;PLBNFTS00018;B4XY9X2;BFT.WA;BENEFIT SYSTEMS;PL;Warsaw Stock Exchange;50205020;0.687;2958292;2890;0.249651;5/31/2024;PLN;2915;2958292;0.25400098;E004YMKRL;1;1504775556;2190357432;;;
;;;;;;;;;;;;;;;;6/24/2024;SWEACGV;STX EM ACp USD GR;521638;PLKETY000011;5216385;KTY.WA;KETY;PL;Warsaw Stock Exchange;55102035;1;9731952;906.5;0.249651;5/31/2024;PLN;863;9650152;0.25400098;E004YSKU6;1;2115340782;2115340782;;;
;;;;;;;;;;;;;;;;6/24/2024;SWEACGV;STX EM ACp USD GR;EW041;PLCFRPT00013;B2QRCM4;CPS.WA;CYFROWY POLSAT;PL;Warsaw Stock Exchange;15102010;0.3796;639546016;12.36;0.249651;5/31/2024;PLN;12.495;639546016;0.25400098;E004YQJZ8;1;770494698.2;2029754210;;;
;;;;;;;;;;;;;;;;6/24/2024;SWEACGV;STX EM ACp USD GR;PL702J;PLXTRDM00011;BZ059D5;XTB.WA;XTB SA;PL;Warsaw Stock Exchange;30202015;0.4907;117569251;71.46;0.249651;5/31/2024;PLN;66.1;117569251;0.25400098;E004YTV1Y;1;968604899.5;1973924800;;;
;;;;;;;;;;;;;;;;6/24/2024;SWEACGV;STX EM ACp USD GR;B018DT;PLINTCS00010;B018DT2;CARP.WA;INTER CARS;PL;Warsaw Stock Exchange;40101025;0.6468;14168100;542;0.249651;5/31/2024;PLN;547;14168100;0.25400098;E004YRZLS;1;1273222614;1968495074;;;
;;;;;;;;;;;;;;;;6/24/2024;SWEACGV;STX EM ACp USD GR;PL004E;PLTAURN00011;B5P7L41;TPE.WA;TAURON;PL;Warsaw Stock Exchange;65101015;0.5955;1752549394;3.96;0.249651;5/31/2024;PLN;4.048;1752549394;0.25400098;E004YN5V4;1;1073069693;1801964220;;;
;;;;;;;;;;;;;;;;6/24/2024;SWEACGV;STX EM ACp USD GR;597895;PLSOFTB00016;5978953;ACPP.WA;ASSECO POLAND;PL;Warsaw Stock Exchange;10101015;0.6202;83000303;81;0.249651;5/31/2024;PLN;82.65;83000303;0.25400098;E004YQKCC;1;1080661527;1742440385;;;
;;;;;;;;;;;;;;;;6/24/2024;SWEACGV;STX EM ACp USD GR;B07XWG;ES0105375002;BGT2VX8;EATP.WA;AMREST HLDG;PL;Warsaw Stock Exchange;40501040;0.3295;219554183;25.25;0.249651;5/31/2024;PLN;25.65;219554183;0.25400098;E004YRJGQ;1;471324371.2;1430422978;;;
;;;;;;;;;;;;;;;;6/24/2024;SWEACGV;STX EM ACp USD GR;EW052;PLENEA000013;B3F97B2;ENAE.WA;ENEA;PL;Warsaw Stock Exchange;65101015;0.4771;529731093;9.585;0.249651;5/31/2024;PLN;10.27;529731093;0.25400098;E004YOAIQ;1;659281239.6;1381851267;;;
;;;;;;;;;;;;;;;;6/24/2024;SWEACGV;STX EM ACp USD GR;B1G6TS;PLDMDVL00012;B1G6TS9;DOMP.WA;DOM DEVELOPMENT;PL;Warsaw Stock Exchange;35101010;0.3955;25798422;182.2;0.249651;5/31/2024;PLN;185;25798422;0.25400098;E004YPN43;1;479453784.8;1212272528;;;
;;;;;;;;;;;;;;;;6/24/2024;SWEACGV;STX EM ACp USD GR;PL402G;PLENERG00022;BGQYBX7;ENGP.WA;ENERGA;PL;Warsaw Stock Exchange;65101015;0.0908;414067114;10.44;0.249651;5/31/2024;PLN;10.08;414067114;0.25400098;E004YPGK4;1;96261475.13;1060148404;;;
;;;;;;;;;;;;;;;;6/24/2024;SWEACGV;STX EM ACp USD GR;EW051;PLTRFRM00018;B045XT0;NEUP.WA;NEUCA;PL;Warsaw Stock Exchange;20103015;0.3705;4467949;928;0.249651;5/31/2024;PLN;912;4460644;0.25400098;E004YNR9Y;1;382838853.7;1033303249;;;
;;;;;;;;;;;;;;;;6/24/2024;SWEACGV;STX EM ACp USD GR;EW031;LU0327357389;B28ZQ24;KER.WA;KERNEL HLDG;PL;Warsaw Stock Exchange;45102010;0.0563;293429230;12.3;0.249651;5/31/2024;PLN;11.14;300031230;0.25400098;E004YNC9F;1;47796427.92;848959643.3;;;
;;;;;;;;;;;;;;;;6/24/2024;SWEACGV;STX EM ACp USD GR;PL10DO;PLJSW0000015;B6R2S06;JSW.WA;JSW;PL;Warsaw Stock Exchange;60101040;0.4483;117411596;29.81;0.249651;5/31/2024;PLN;28.46;117411596;0.25400098;E004YORPN;1;380495932.7;848752917;;;
;;;;;;;;;;;;;;;;6/24/2024;SWEACGV;STX EM ACp USD GR;PL90DW;PLATPRT00018;BDC5PF3;APR.WA;AUTO PARTNER;PL;Warsaw Stock Exchange;40101025;0.564;130620000;24.4;0.249651;5/31/2024;PLN;23.85;130620000;0.25400098;E004YU3XX;1;446285276.7;791285951.6;;;
;;;;;;;;;;;;;;;;6/24/2024;SWEACGV;STX EM ACp USD GR;PL11S4;PLVRCM000016;BMD5890;VRCP.WA;VERCOM;PL;Warsaw Stock Exchange;10101015;0.257;22223785;134.5;0.249651;5/31/2024;PLN;135;22223785;0.25400098;E004YUL6S;1;195848527.8;762056528.5;;;
;;;;;;;;;;;;;;;;6/24/2024;SWEACGV;STX EM ACp USD GR;B1Z774;PLLCCRP00017;B1Z7745;DVLP.WA;DEVELIA;PL;Warsaw Stock Exchange;35101010;1;452280199;5.68;0.249651;5/31/2024;PLN;6.12;452280199;0.25400098;E004YOC88;1;703063236.9;703063236.9;;;
;;;;;;;;;;;;;;;;6/24/2024;SWEACGV;STX EM ACp USD GR;PL902L;PLATAL000046;BYV7085;1AT.WA;ATAL;PL;Warsaw Stock Exchange;40202010;0.2521;43214610;59.9;0.249651;5/31/2024;PLN;60.9;43214610;0.25400098;E004YQ76Z;1;168521815.4;668472095.9;;;
;;;;;;;;;;;;;;;;6/24/2024;SWEACGV;STX EM ACp USD GR;PL90K3;PLZATRM00012;B3B61Y8;ATTP.WA;GRUPA AZOTY;PL;Warsaw Stock Exchange;55201015;0.4718;99195484;21.32;0.249651;5/31/2024;PLN;22.1;99195484;0.25400098;E004YPO8G;1;262710543.9;556826078.7;;;
;;;;;;;;;;;;;;;;6/24/2024;SWEACGV;STX EM ACp USD GR;PL801J;PLLVTSF00010;BL0RRT5;TXTP.WA;TEXT;PL;Warsaw Stock Exchange;15102015;0.5873;25750000;79.5;0.249651;5/31/2024;PLN;84;25750000;0.25400098;E004YUAY1;1;322665039.8;549404120.2;;;
;;;;;;;;;;;;;;;;6/24/2024;SWEACGV;STX EM ACp USD GR;PL908R;PLPLAYW00015;BYMPHM1;PLWP.WA;PLAYWAY;PL;Warsaw Stock Exchange;40203040;0.1818;6600000;340;0.249651;5/31/2024;PLN;320.5;6600000;0.25400098;E004YU7A2;1;97679008.11;537288273.4;;;
;;;;;;;;;;;;;;;;6/24/2024;SWEACGV;STX EM ACp USD GR;446929;PLCOMAR00012;4469298;CMR.WA;COMARCH;PL;Warsaw Stock Exchange;10101010;0.6505;8133349;288.5;0.249651;5/31/2024;PLN;257.5;8133349;0.25400098;E004YNOJX;1;346042415.6;531963744.2;;;
;;;;;;;;;;;;;;;;6/24/2024;SWEACGV;STX EM ACp USD GR;444758;PLECHPS00019;B19HLL6;ECH.WA;ECHO INVESTMENT;PL;Warsaw Stock Exchange;35101010;0.34;412690582;4.78;0.249651;5/31/2024;PLN;4.64;412690582;0.25400098;E004YQV40;1;165370046.4;486382489.3;;;
;;;;;;;;;;;;;;;;6/24/2024;SWEACGV;STX EM ACp USD GR;PL101C;PLGPW0000017;B55XKV9;GPW.WA;WARSAW STOCK EXCHANGE;PL;Warsaw Stock Exchange;30202015;0.6499;41972000;48.15;0.249651;5/31/2024;PLN;45.25;41972000;0.25400098;E004YOCB0;1;313516337.7;482407043.6;;;
;;;;;;;;;;;;;;;;6/24/2024;SWEACGV;STX EM ACp USD GR;B064B9;PLEURCH00011;B064B91;EUR.WA;EUROCASH;PL;Warsaw Stock Exchange;45201010;0.5596;139163286;13.04;0.249651;5/31/2024;PLN;13.44;139163286;0.25400098;E004YPOHL;1;265850231.1;475071892.5;;;
;;;;;;;;;;;;;;;;6/24/2024;SWEACGV;STX EM ACp USD GR;PL008I;PLR220000018;BFYLNL5;CBF.WA;Cyber Folks;PL;Warsaw Stock Exchange;10101020;0.4819;14180000;125.5;0.249651;5/31/2024;PLN;130;14180000;0.25400098;E004YU48G;1;225637823.6;468225406.9;;;
;;;;;;;;;;;;;;;;6/24/2024;SWEACGV;STX EM ACp USD GR;PL906P;PLPCCRK00076;BNFWQZ8;PCR.WA;PCC ROKITA;PL;Warsaw Stock Exchange;55201020;0.1574;19853300;91.8;0.249651;5/31/2024;PLN;89.4;19853300;0.25400098;E004YOCCP;1;70959466.98;450822534.8;;;
;;;;;;;;;;;;;;;;6/24/2024;SWEACGV;STX EM ACp USD GR;EW060;PLARTPR00012;B56C565;ATC.WA;ARCTIC PAPER;PL;Warsaw Stock Exchange;55101015;0.3187;69287783;24.1;0.249651;5/31/2024;PLN;22.9;69287783;0.25400098;E004YOE0D;1;128442752.5;403020873.9;;;
;;;;;;;;;;;;;;;;6/24/2024;SWEACGV;STX EM ACp USD GR;PL407L;PLMURPL00190;BP4BRY6;MURP.WA;MURAPOL;PL;Warsaw Stock Exchange;40202010;0.2696;40800000;37.76;0.249651;5/31/2024;PLN;38.1;40800000;0.25400098;E004YQ2MO;1;106448714;394839443.7;;;
;;;;;;;;;;;;;;;;6/24/2024;SWEACGV;STX EM ACp USD GR;PL90J2;PLRNBWT00031;B27Y7R4;RBW.WA;RAINBOW TOURS SR.B C2 E;PL;Warsaw Stock Exchange;40501015;0.6337;14552000;118;0.249651;5/31/2024;PLN;105.8;14552000;0.25400098;E004YT9QY;1;247814921.9;391060315.5;;;
;;;;;;;;;;;;;;;;6/24/2024;SWEACGV;STX EM ACp USD GR;PL802K;PL11BTS00015;B5KQ0S0;11B.WA;11 BIT STUDIOS;PL;Warsaw Stock Exchange;40203040;0.9303;2417199;648;0.249651;5/31/2024;PLN;631;2417199;0.25400098;E004YTV3P;1;360412776.9;387415647.6;;;
;;;;;;;;;;;;;;;;6/24/2024;SWEACGV;STX EM ACp USD GR;PL11U6;US44853H1086;BLH1TK5;HUGP.WA;HUUUGE;PL;Warsaw Stock Exchange;40203040;0.5023;59984981;23.95;0.249651;5/31/2024;PLN;22.35;67124778;0.25400098;E004YUE5U;1;191407504.3;381062122.8;;;
;;;;;;;;;;;;;;;;6/24/2024;SWEACGV;STX EM ACp USD GR;PL002C;PLAB00000019;B1FHB09;ABEP.WA;AB;PL;Warsaw Stock Exchange;10101010;0.8107;16187644;100.5;0.249651;5/31/2024;PLN;92;16187644;0.25400098;E004YO8SR;1;306666995.1;378274324.8;;;
;;;;;;;;;;;;;;;;6/24/2024;SWEACGV;STX EM ACp USD GR;B1B59T;PLFAMUR00012;B1B59T2;GEA1.WA;GRENEVIA;PL;Warsaw Stock Exchange;50204020;0.4941;574680673;2.5;0.249651;5/31/2024;PLN;2.51;574680673;0.25400098;E004YP2UF;1;181030003.4;366383330.2;;;
;;;;;;;;;;;;;;;;6/24/2024;SWEACGV;STX EM ACp USD GR;PL20FR;CY1000031710;B28PT92;ASBP.WA;ASBISC ENTERPRISES (DI);PL;Warsaw Stock Exchange;10102030;0.5812;55500000;24.3;0.249651;5/31/2024;PLN;25.5;55500000;0.25400098;E004YSXVR;1;208926804.5;359474887.2;;;
;;;;;;;;;;;;;;;;6/24/2024;SWEACGV;STX EM ACp USD GR;591913;PLBRSZW00011;B07DNZ7;BORY.WA;BORYSZEW;PL;Warsaw Stock Exchange;50203000;0.1928;240000000;5.63;0.249651;5/31/2024;PLN;5.68;240000000;0.25400098;E004YQK1Y;1;66757797.46;346254136.2;;;
;;;;;;;;;;;;;;;;6/24/2024;SWEACGV;STX EM ACp USD GR;PL10NY;PLCNTSL00014;5206278;COGP.WA;COGNOR HOLDING;PL;Warsaw Stock Exchange;55102015;0.2216;171420663;8.45;0.249651;5/31/2024;PLN;7.88;171420663;0.25400098;E004YPOR9;1;76031671.22;343103209.5;;;
;;;;;;;;;;;;;;;;6/24/2024;SWEACGV;STX EM ACp USD GR;PL404I;PLNEWAG00012;BGP67T2;NWGP.WA;NEWAG;PL;Warsaw Stock Exchange;50204030;0.4571;45000001;29.5;0.249651;5/31/2024;PLN;28.7;45000001;0.25400098;E004YT9K6;1;149948123.1;328042273.2;;;
;;;;;;;;;;;;;;;;6/24/2024;SWEACGV;STX EM ACp USD GR;EW026;PLBOS0000019;5166758;BOSP.WA;BANK OCHRONY SRODOWISKA;PL;Warsaw Stock Exchange;30101010;0.278;92947671;14.15;0.249651;5/31/2024;PLN;13.8;92947671;0.25400098;E004YMM4X;1;90572798.56;325801433.7;;;
;;;;;;;;;;;;;;;;6/24/2024;SWEACGV;STX EM ACp USD GR;PL804M;PLSELVT00013;B4NYKP1;RVU.WA;RYVU THERAPEUTICS;PL;Warsaw Stock Exchange;20103010;0.6833;23120148;51.2;0.249651;5/31/2024;PLN;54;23120148;0.25400098;E004YTVEO;1;216686164.8;317117173.7;;;
;;;;;;;;;;;;;;;;6/24/2024;SWEACGV;STX EM ACp USD GR;425229;PLDEBCA00016;4252294;DBC.WA;FIRMA OPONIARSKA DEBICA;PL;Warsaw Stock Exchange;40101015;0.1275;13802750;93.8;0.249651;5/31/2024;PLN;88;13802750;0.25400098;E004YSKUB;1;39336332.97;308520258.6;;;
;;;;;;;;;;;;;;;;6/24/2024;SWEACGV;STX EM ACp USD GR;PL00KU;PLSNKTK00019;B6WC704;SNTP.WA;SYNEKTIK;PL;Warsaw Stock Exchange;20101025;0.4987;8529129;134;0.249651;5/31/2024;PLN;140;8529129;0.25400098;E004YTXDV;1;151254212.7;303296997.7;;;
;;;;;;;;;;;;;;;;6/24/2024;SWEACGV;STX EM ACp USD GR;530717;PLSTLPD00017;5307171;STP.WA;STALPRODUKT;PL;Warsaw Stock Exchange;55102010;0.3483;5399598;213;0.249651;5/31/2024;PLN;218.5;5399598;0.25400098;E004YSKVZ;1;104376261.2;299673445.9;;;
;;;;;;;;;;;;;;;;6/24/2024;SWEACGV;STX EM ACp USD GR;716083;PLZAPUL00057;7160833;ZAPP.WA;PULAWY;PL;Warsaw Stock Exchange;55201015;0.0402;19115000;56;0.249651;5/31/2024;PLN;59.2;19115000;0.25400098;E004YSKU9;1;11554667.56;287429541.2;;;
;;;;;;;;;;;;;;;;6/24/2024;SWEACGV;STX EM ACp USD GR;PL90H0;PLENTER00017;BYVXL68;ENTP.WA;ENTER AIR;PL;Warsaw Stock Exchange;40501010;0.4849;17543750;68.5;0.249651;5/31/2024;PLN;63.6;17543750;0.25400098;E004YU6NV;1;137425435.6;283409848.7;;;
;;;;;;;;;;;;;;;;6/24/2024;SWEACGV;STX EM ACp USD GR;PL10FQ;PLMOBRK00013;B3YPG92;MBR.WA;MOBRUK;PL;Warsaw Stock Exchange;50101035;0.8;3512885;313;0.249651;5/31/2024;PLN;316;3512885;0.25400098;E004YPLD8;1;225567431.8;281959289.7;;;
;;;;;;;;;;;;;;;;6/24/2024;SWEACGV;STX EM ACp USD GR;PL00MW;PLUNMOT00013;B8DH713;UNTP.WA;UNIMOT;PL;Warsaw Stock Exchange;65102020;0.2965;8197818;135;0.249651;5/31/2024;PLN;133.6;8197818;0.25400098;E004YU0IV;1;82483070.72;278189108.7;;;
;;;;;;;;;;;;;;;;6/24/2024;SWEACGV;STX EM ACp USD GR;PL005F;PLMRBUD00015;B3KRRD3;MRB.WA;MIRBUD;PL;Warsaw Stock Exchange;50101010;0.5454;91744200;14.3;0.249651;5/31/2024;PLN;11.5;91744200;0.25400098;E004YOFP1;1;146159478.4;267985842.4;;;
;;;;;;;;;;;;;;;;6/24/2024;SWEACGV;STX EM ACp USD GR;EW054;PLLWBGD00016;B543NN3;LWBP.WA;BOGDANKA;PL;Warsaw Stock Exchange;60101040;0.3543;34013590;30;0.249651;5/31/2024;PLN;30.68;34013590;0.25400098;E004YTJE7;1;93910547.52;265059405.9;;;
;;;;;;;;;;;;;;;;6/24/2024;SWEACGV;STX EM ACp USD GR;PL00HR;PLOPNPL00013;B245H03;OPN.WA;OPONEO PL SERIES A B;PL;Warsaw Stock Exchange;40101010;0.3134;13936000;80;0.249651;5/31/2024;PLN;71.2;13936000;0.25400098;E004YSLAD;1;78986435.61;252030745.4;;;
;;;;;;;;;;;;;;;;6/24/2024;SWEACGV;STX EM ACp USD GR;PL00NX;PLVOXEL00014;B6RW9D6;VOXP.WA;VOXEL;PL;Warsaw Stock Exchange;20103010;0.6257;10502600;94.2;0.249651;5/31/2024;PLN;93.2;10502600;0.25400098;E004YNNSY;1;155565856.8;248626908.7;;;
;;;;;;;;;;;;;;;;6/24/2024;SWEACGV;STX EM ACp USD GR;PL301E;PLZEPAK00012;B89W5H4;ZEEP.WA;ZESPOL ELEKTROWNI PAK;PL;Warsaw Stock Exchange;65101015;0.3404;50823547;18.7;0.249651;5/31/2024;PLN;19.18;50823547;0.25400098;E004YNELO;1;84282715.22;247599045.9;;;
;;;;;;;;;;;;;;;;6/24/2024;SWEACGV;STX EM ACp USD GR;531929;PLMSTSD00019;5319295;PXMP.WA;POLIMEX MOSTOSTAL;PL;Warsaw Stock Exchange;50101010;0.3525;243618802;3.37;0.249651;5/31/2024;PLN;3.532;242868802;0.25400098;E004YM96M;1;76804548.31;217885243.4;;;
;;;;;;;;;;;;;;;;6/24/2024;SWEACGV;STX EM ACp USD GR;PL703K;PLCLNPH00015;BZCNHZ5;CLNP.WA;CELON PHARMA;PL;Warsaw Stock Exchange;20103015;0.4119;51056500;15.46;0.249651;5/31/2024;PLN;15.58;51056500;0.25400098;E004YTW3H;1;83223442.81;202047688.3;;;
;;;;;;;;;;;;;;;;6/24/2024;SWEACGV;STX EM ACp USD GR;PL11MY;PLONDE000018;BNXKV26;ONDP.WA;ONDE;PL;Warsaw Stock Exchange;50101015;0.3285;54512759;14.12;0.249651;5/31/2024;PLN;14.36;54512759;0.25400098;E004YUOQN;1;65316569.87;198832785;;;
;;;;;;;;;;;;;;;;6/24/2024;SWEACGV;STX EM ACp USD GR;PL904N;PLFERRO00016;B5B24T6;FROP.WA;FERRO;PL;Warsaw Stock Exchange;40202025;1;21242655;38.8;0.249651;5/31/2024;PLN;36.7;21242655;0.25400098;E004YOCDE;1;198020545.5;198020545.5;;;
;;;;;;;;;;;;;;;;6/24/2024;SWEACGV;STX EM ACp USD GR;PL50BQ;PLTORPL00016;BP3QYT6;TOR.WA;TORPOL;PL;Warsaw Stock Exchange;50101010;0.569;22970000;36.95;0.249651;5/31/2024;PLN;33.3;22970000;0.25400098;E004YMP77;1;110548508.5;194285603.8;;;
;;;;;;;;;;;;;;;;6/24/2024;SWEACGV;STX EM ACp USD GR;598449;PLKGNRC00015;5984499;KGN.WA;KOGENERACJA;PL;Warsaw Stock Exchange;65101015;0.4193;14900000;47.5;0.249651;5/31/2024;PLN;51.3;14900000;0.25400098;E004YSKW0;1;81407400.77;194150729.2;;;
;;;;;;;;;;;;;;;;6/24/2024;SWEACGV;STX EM ACp USD GR;EW048;PLTRKPL00014;B2QKZ46;TRKP.WA;TRAKCJA;PL;Warsaw Stock Exchange;50101010;0.096;336450976;2.25;0.249651;5/31/2024;PLN;2.23;336450976;0.25400098;E004YOPAQ;1;18295036.54;190573297.3;;;
;;;;;;;;;;;;;;;;6/24/2024;SWEACGV;STX EM ACp USD GR;EW036;NL0000686509;B19X5X4;ASTH.WA;ASTARTA HOLDING;PL;Warsaw Stock Exchange;45102035;0.2941;25000000;29.4;0.249651;5/31/2024;PLN;28.95;25000000;0.25400098;E004YO3M2;1;54065346.89;183833209.4;;;
;;;;;;;;;;;;;;;;6/24/2024;SWEACGV;STX EM ACp USD GR;PL90CV;PLAMBRA00013;B0FBYX8;AMB.WA;AMBRA;PL;Warsaw Stock Exchange;45101015;0.3888;25206644;27.2;0.249651;5/31/2024;PLN;28.3;25206644;0.25400098;E004YPN3A;1;70447098.76;181191097.6;;;
;;;;;;;;;;;;;;;;6/24/2024;SWEACGV;STX EM ACp USD GR;484787;PLSTLEX00019;4847872;STXPP.WA;STALEXPORT AUTOSTRADY;PL;Warsaw Stock Exchange;50206060;0.388;247262023;2.735;0.249651;5/31/2024;PLN;2.845;247262023;0.25400098;E004YQ0XM;1;69327702.34;178679645.2;;;
;;;;;;;;;;;;;;;;6/24/2024;SWEACGV;STX EM ACp USD GR;B0BV8T;PLDECOR00013;B0BV8T6;DCR.WA;DECORA;PL;Warsaw Stock Exchange;50101035;0.4706;10547063;66.6;0.249651;5/31/2024;PLN;62.8;10547063;0.25400098;E004YSKTW;1;79173254.84;168238960.6;;;
;;;;;;;;;;;;;;;;6/24/2024;SWEACGV;STX EM ACp USD GR;PL909S;PLTSQGM00016;BFZCQ74;TENP.WA;TEN SQUARE GAMES;PL;Warsaw Stock Exchange;40203040;0.5925;7334822;84.4;0.249651;5/31/2024;PLN;88.8;7334822;0.25400098;E004YUAQ3;1;98022616.75;165439015.6;;;
;;;;;;;;;;;;;;;;6/24/2024;SWEACGV;STX EM ACp USD GR;PL00CM;PLLUBAW00013;B0YW9N7;LBW.WA;LUBAWA;PL;Warsaw Stock Exchange;50201020;0.4878;150270000;4.232;0.249651;5/31/2024;PLN;4.33;150270000;0.25400098;E004YSL8O;1;80618993.4;165270589.2;;;
;;;;;;;;;;;;;;;;6/24/2024;SWEACGV;STX EM ACp USD GR;PL401F;PLPKPCR00011;BFXWV82;PKPP.WA;PKP CARGO;PL;Warsaw Stock Exchange;50206020;0.6699;44786917;16.18;0.249651;5/31/2024;PLN;13.78;44786917;0.25400098;E004YR5T0;1;105013650.5;156760188.9;;;
;;;;;;;;;;;;;;;;6/24/2024;SWEACGV;STX EM ACp USD GR;PL907Q;PLPKBEX00072;BYTHNS8;PBX.WA;PEKABEX;PL;Warsaw Stock Exchange;50101035;0.3772;24826512;26.6;0.249651;5/31/2024;PLN;24.7;24826512;0.25400098;E004YRP80;1;58751605.3;155757172.1;;;
;;;;;;;;;;;;;;;;6/24/2024;SWEACGV;STX EM ACp USD GR;PL10JU;PLTOYA000011;B4MSL28;TOYA.WA;TOYA;PL;Warsaw Stock Exchange;50204040;0.4945;75042226;8.2;0.249651;5/31/2024;PLN;8.1;75042226;0.25400098;E004YTA1K;1;76347077.2;154392471.6;;;
;;;;;;;;;;;;;;;;6/24/2024;SWEACGV;STX EM ACp USD GR;PL20BN;PLWTCHN00030;BYNSL49;WTN.WA;WITTCHEN;PL;Warsaw Stock Exchange;40401020;0.4006;18436096;32.2;0.249651;5/31/2024;PLN;31.4;18360402;0.25400098;E004YNIIA;1;58662176.39;146435787.3;;;
;;;;;;;;;;;;;;;;6/24/2024;SWEACGV;STX EM ACp USD GR;EW035;PLCMP0000017;B05L7P1;CMP.WA;COMP SAFE SUPPORT;PL;Warsaw Stock Exchange;10101010;0.7495;5461642;99.8;0.249651;5/31/2024;PLN;105;5461642;0.25400098;E004YPVA0;1;109174084.4;145662554.3;;;
;;;;;;;;;;;;;;;;6/24/2024;SWEACGV;STX EM ACp USD GR;PL003D;PLAMICA00010;5327243;AMCP.WA;AMICA;PL;Warsaw Stock Exchange;40202020;0.6507;7775273;70.4;0.249651;5/31/2024;PLN;73.5;7775273;0.25400098;E004YMVKT;1;94453745.66;145157131.8;;;
;;;;;;;;;;;;;;;;6/24/2024;SWEACGV;STX EM ACp USD GR;561831;PLAGORA00067;5618312;AGOP.WA;AGORA;PL;Warsaw Stock Exchange;40301030;0.375;46580831;11.4;0.249651;5/31/2024;PLN;11.5;46580831;0.25400098;E004YSKWG;1;51023674.66;136063132.4;;;
;;;;;;;;;;;;;;;;6/24/2024;SWEACGV;STX EM ACp USD GR;EW027;PLERBUD00012;B1XFM79;ERB.WA;ERBUD;PL;Warsaw Stock Exchange;50101010;0.4628;11929836;40.2;0.249651;5/31/2024;PLN;41;11929836;0.25400098;E004YOJG2;1;57497249.93;124237791.5;;;
;;;;;;;;;;;;;;;;6/24/2024;SWEACGV;STX EM ACp USD GR;PL405J;PLBLOBR00014;B6R4Q31;BLOP.WA;BLOOBER TEAM;PL;Warsaw Stock Exchange;40203040;0.5754;19309260;23;0.249651;5/31/2024;PLN;25.25;19309260;0.25400098;E004YTX1Z;1;71257775.89;123840416.9;;;
;;;;;;;;;;;;;;;;6/24/2024;SWEACGV;STX EM ACp USD GR;PL00IS;PLPCCEX00010;B8FGJ01;PCXP.WA;PCC EXOL;PL;Warsaw Stock Exchange;55201020;0.1291;174136643;2.715;0.249651;5/31/2024;PLN;2.725;174136643;0.25400098;E004YP5FD;1;15560312.31;120529142.6;;;
;;;;;;;;;;;;;;;;6/24/2024;SWEACGV;STX EM ACp USD GR;PL308L;PLSCPFL00018;BF7TSL1;SCPP.WA;SCOPE FLUIDICS;PL;Warsaw Stock Exchange;20103010;0.5704;2725930;167.6;0.249651;5/31/2024;PLN;170.8;2725930;0.25400098;E004YUAVF;1;67455516.97;118260022.7;;;
;;;;;;;;;;;;;;;;6/24/2024;SWEACGV;STX EM ACp USD GR;EW064;PLWELTN00012;B29LLQ0;WLTP.WA;WIELTON;PL;Warsaw Stock Exchange;50206015;0.3345;60375000;7.06;0.249651;5/31/2024;PLN;7.64;60375000;0.25400098;E004YSKWJ;1;39190609.43;117161762.1;;;
;;;;;;;;;;;;;;;;6/24/2024;SWEACGV;STX EM ACp USD GR;PL10KV;NL0010391108;B9SKTZ2;PENP.WA;PHOTON ENERGY;PL;Warsaw Stock Exchange;65101010;0.317;61238521;7.4;0.249651;5/31/2024;PLN;7.5;61238521;0.25400098;E004YP4PH;1;36981166.97;116659832.7;;;
;;;;;;;;;;;;;;;;6/24/2024;SWEACGV;STX EM ACp USD GR;PL10MX;PLANSWR00019;BMH25B8;ANRP.WA;ANSWEAR COM;PL;Warsaw Stock Exchange;40401020;0.1953;18981155;23.1;0.249651;5/31/2024;PLN;24.1;18981155;0.25400098;E004YU8H1;1;22692237.18;116191690.6;;;
;;;;;;;;;;;;;;;;6/24/2024;SWEACGV;STX EM ACp USD GR;PL90AT;PLVIGOS00015;BSL6R67;VGOP.WA;Vigo Photonics SA;PL;Warsaw Stock Exchange;10102010;0.7048;874799;570;0.249651;5/31/2024;PLN;522;874799;0.25400098;E004YP0K6;1;81748552.02;115988297.4;;;
;;;;;;;;;;;;;;;;6/24/2024;SWEACGV;STX EM ACp USD GR;PL30CP;PLSPRSF00011;BKTZDZ1;SPRP.WA;SPYROSOFT;PL;Warsaw Stock Exchange;10101010;0.1895;1091460;408;0.249651;5/31/2024;PLN;418;1091460;0.25400098;E004YU5SK;1;21959816.81;115882938.3;;;
;;;;;;;;;;;;;;;;6/24/2024;SWEACGV;STX EM ACp USD GR;PL00DN;PLMRCTR00015;BG6N899;MRCP.WA;MERCATOR MEDICAL;PL;Warsaw Stock Exchange;20102015;0.3508;9770435;44;0.249651;5/31/2024;PLN;46;9770435;0.25400098;E004YU7JS;1;40046697.64;114158203.1;;;
;;;;;;;;;;;;;;;;6/24/2024;SWEACGV;STX EM ACp USD GR;PL20GS;PLCRTCH00017;BLR7GY6;CRI1.WA;CREOTECH INSTRUMENTS;PL;Warsaw Stock Exchange;50201010;0.501;2379347;188;0.249651;5/31/2024;PLN;185;2379347;0.25400098;E004YUU03;1;56014779.44;111805947;;;
;;;;;;;;;;;;;;;;6/24/2024;SWEACGV;STX EM ACp USD GR;PL11R3;PLVOTUM00016;B56CWR5;VOT.WA;VOTUM SA;PL;Warsaw Stock Exchange;30202000;0.4292;12000000;34.4;0.249651;5/31/2024;PLN;34.5;12000000;0.25400098;E004YTV7H;1;45133129.37;105156405.8;;;
;;;;;;;;;;;;;;;;6/24/2024;SWEACGV;STX EM ACp USD GR;EW037;PLACTIN00018;B19GGX0;ACT.WA;ACTION;PL;Warsaw Stock Exchange;10102030;0.3986;18737000;20.55;0.249651;5/31/2024;PLN;20.9;18737000;0.25400098;E004YO5SX;1;39647794.15;99467622.05;;;
;;;;;;;;;;;;;;;;6/24/2024;SWEACGV;STX EM ACp USD GR;PL30AN;PLSTIGR00012;B68JJM5;CLC.WA;COLUMBUS ENERGY;PL;Warsaw Stock Exchange;60102020;0.2847;68773650;4.95;0.249651;5/31/2024;PLN;5.39;68773650;0.25400098;E004YRFW7;1;26806104.05;94155616.62;;;
;;;;;;;;;;;;;;;;6/24/2024;SWEACGV;STX EM ACp USD GR;PL10Q1;PLCRPJR00019;BDFD208;CRJ.WA;CREEPY JAR;PL;Warsaw Stock Exchange;40203040;0.5541;699364;500;0.249651;5/31/2024;PLN;514;699364;0.25400098;E004YU3UG;1;50592942.03;91306518.74;;;
;;;;;;;;;;;;;;;;6/24/2024;SWEACGV;STX EM ACp USD GR;PL208K;PLKNOPL00014;B3N3ZJ0;KPL.WA;KINO POLSKA TV;PL;Warsaw Stock Exchange;40301035;0.34;19821404;17.6;0.249651;5/31/2024;PLN;17.95;19821404;0.25400098;E004YTWBJ;1;30726505.84;90372076.01;;;
;;;;;;;;;;;;;;;;6/24/2024;SWEACGV;STX EM ACp USD GR;PL00GQ;PLMLSTM00015;BGDYDX4;MLSP.WA;ML SYSTEM;PL;Warsaw Stock Exchange;60102020;0.4558;7381091;40.35;0.249651;5/31/2024;PLN;47.65;7381091;0.25400098;E004YU3XU;1;40718631.93;89334427.23;;;
;;;;;;;;;;;;;;;;6/24/2024;SWEACGV;STX EM ACp USD GR;PL00AK;PLBMDLB00018;B6W3MY6;SVEP.WA;SYNTHAVERSE;PL;Warsaw Stock Exchange;20103015;0.6412;70521973;5.13;0.249651;5/31/2024;PLN;4.93;70521973;0.25400098;E004YOHK0;1;56623965.36;88309365.82;;;
;;;;;;;;;;;;;;;;6/24/2024;SWEACGV;STX EM ACp USD GR;PL10GR;PLUNBEP00015;B2RCVT8;UNIP.WA;UNIBEP;PL;Warsaw Stock Exchange;50101035;0.3926;35070634;9.34;0.249651;5/31/2024;PLN;9.64;35070634;0.25400098;E004YQNKR;1;33713693.86;85872882.97;;;
;;;;;;;;;;;;;;;;6/24/2024;SWEACGV;STX EM ACp USD GR;PL90I1;PLPILAB00012;B7ZP848;DATP.WA;DATAWALK;PL;Warsaw Stock Exchange;10101015;0.7711;5132988;64.5;0.249651;5/31/2024;PLN;65;5132988;0.25400098;E004YU07U;1;65347608.92;84745958.92;;;
;;;;;;;;;;;;;;;;6/24/2024;SWEACGV;STX EM ACp USD GR;PL307K;PLCLDTC00019;B7771F4;CLDP.WA;CLOUD TECHNOLOGIES;PL;Warsaw Stock Exchange;10101020;0.2608;5000000;76;0.249651;5/31/2024;PLN;66.6;5000000;0.25400098;E004YU05J;1;22059070.73;84582326.41;;;
;;;;;;;;;;;;;;;;6/24/2024;SWEACGV;STX EM ACp USD GR;PL30GT;PLELEKT00016;B1VSJ91;ELT.WA;ELEKTROTIM;PL;Warsaw Stock Exchange;50202025;0.6344;9983009;34.1;0.249651;5/31/2024;PLN;32.95;9983009;0.25400098;E004YSKUF;1;53004830.31;83551119.65;;;
;;;;;;;;;;;;;;;;6/24/2024;SWEACGV;STX EM ACp USD GR;PL00EO;PLCTINT00018;B29M6M4;CIG.WA;CI GAMES;PL;Warsaw Stock Exchange;40203040;0.5096;182943015;1.7;0.249651;5/31/2024;PLN;1.74;182943015;0.25400098;E004YQE28;1;41203100.01;80853806.93;;;
;;;;;;;;;;;;;;;;6/24/2024;SWEACGV;STX EM ACp USD GR;456453;PLMSTZB00018;4564535;MSZ.WA;MOSTOSTAL ZABRZE;PL;Warsaw Stock Exchange;50101010;0.5456;73975269;4.165;0.249651;5/31/2024;PLN;4.3;73975269;0.25400098;E004YSKUL;1;44082352.49;80796100.6;;;
;;;;;;;;;;;;;;;;6/24/2024;SWEACGV;STX EM ACp USD GR;PL11EQ;PLARTFX00011;BYWLMX5;ARTP.WA;ARTIFEX MUNDI;PL;Warsaw Stock Exchange;40203045;0.5833;11897000;23.6;0.249651;5/31/2024;PLN;26.2;11897000;0.25400098;E004YU8OU;1;46181296.58;79172461.13;;;
;;;;;;;;;;;;;;;;6/24/2024;SWEACGV;STX EM ACp USD GR;PL11LX;PLMRVDV00011;BFNL3L6;MVPP.WA;MARVIPOL DEVELOPMENT;PL;Warsaw Stock Exchange;35101010;0.2896;41652852;7.12;0.249651;5/31/2024;PLN;7.38;41652852;0.25400098;E004YRI6K;1;22611795.82;78079405.44;;;
;;;;;;;;;;;;;;;;6/24/2024;SWEACGV;STX EM ACp USD GR;B06WK7;PLBIOTN00029;B17P4K2;BIOP.WA;BIOTON;PL;Warsaw Stock Exchange;20103010;0.4031;85864200;3.485;0.249651;5/31/2024;PLN;3.51;85864200;0.25400098;E004YP26W;1;30857975.87;76551664.28;;;
;;;;;;;;;;;;;;;;6/24/2024;SWEACGV;STX EM ACp USD GR;PL30DQ;PLXTPL000018;BDH44S1;XTP.WA;XTPL;PL;Warsaw Stock Exchange;10102015;0.5412;2349877;126;0.249651;5/31/2024;PLN;126.2;2349877;0.25400098;E004YU5RS;1;40765959.24;75325127.94;;;
;;;;;;;;;;;;;;;;6/24/2024;SWEACGV;STX EM ACp USD GR;PL309M;PLBCLTX00019;BMJ0ZJ8;BCXP.WA;BIOCELTIX;PL;Warsaw Stock Exchange;20103015;0.5851;4129468;64.9;0.249651;5/31/2024;PLN;66;4129468;0.25400098;E004YUV8T;1;40504523.86;69226668.7;;;
;;;;;;;;;;;;;;;;6/24/2024;SWEACGV;STX EM ACp USD GR;PL503I;PLMBION00016;B550NH7;MABP.WA;MABION;PL;Warsaw Stock Exchange;20103010;0.637;16162326;16.72;0.249651;5/31/2024;PLN;16.66;16162326;0.25400098;E004YTQQ5;1;43566601.61;68393409.13;;;
;;;;;;;;;;;;;;;;6/24/2024;SWEACGV;STX EM ACp USD GR;PL403H;PLMDCLG00015;B74FSG1;MDG.WA;MEDICALGORITHMICS;PL;Warsaw Stock Exchange;20102020;0.5;9952769;26.8;0.249651;5/31/2024;PLN;25.84;9952769;0.25400098;E004YNMES;1;32661929.02;65323858.03;;;
;;;;;;;;;;;;;;;;6/24/2024;SWEACGV;STX EM ACp USD GR;PL10HS;PLONCTH00011;BDR8FT1;MOCP.WA;MOLECURE;PL;Warsaw Stock Exchange;20103010;0.6806;16836000;14.04;0.249651;5/31/2024;PLN;14.92;16836000;0.25400098;E004YU9Y5;1;43424525.09;63803298.7;;;
;;;;;;;;;;;;;;;;6/24/2024;SWEACGV;STX EM ACp USD GR;PL406K;PLMKRNP00015;B1VXLF6;MAKP.WA;MAKARONPL;PL;Warsaw Stock Exchange;45102020;0.2694;11040071;20.5;0.249651;5/31/2024;PLN;22.5;11040071;0.25400098;E004YSL93;1;16997590.75;63094249.25;;;
;;;;;;;;;;;;;;;;6/24/2024;SWEACGV;STX EM ACp USD GR;PL11KW;PLMFO0000013;BJ02B61;MFO.WA;MFO;PL;Warsaw Stock Exchange;55102010;0.3793;6607490;32;0.249651;5/31/2024;PLN;34;6607490;0.25400098;E004YU82G;1;21643807.71;57062503.85;;;
;;;;;;;;;;;;;;;;6/24/2024;SWEACGV;STX EM ACp USD GR;PL209L;PLPLTRG00038;BMFTR71;PTGP.WA;POLTREG;PL;Warsaw Stock Exchange;20103010;0.4923;4663448;46.1;0.249651;5/31/2024;PLN;47;4663448;0.25400098;E004YUW8B;1;27407550.61;55672457.07;;;
;;;;;;;;;;;;;;;;6/24/2024;SWEACGV;STX EM ACp USD GR;PL11T5;PLWNDMB00010;B4WSQL2;ALL1.WA;AILLERON;PL;Warsaw Stock Exchange;10101015;0.4713;12355504;17.28;0.249651;5/31/2024;PLN;17.28;12355504;0.25400098;E004YO5XG;1;25558598.53;54229998.99;;;
;;;;;;;;;;;;;;;;6/24/2024;SWEACGV;STX EM ACp USD GR;PH20NV;PLSUNEX00013;B6QD9R4;SNXP.WA;SUNEX;PL;Warsaw Stock Exchange;60102020;0.3458;20291535;10.66;0.249651;5/31/2024;PLN;10.42;20291535;0.25400098;E004YTYIR;1;18571329.78;53705407.11;;;
;;;;;;;;;;;;;;;;6/24/2024;SWEACGV;STX EM ACp USD GR;PL120D;PLBMECH00012;B3DLWF9;BMCP.WA;BUMECH;PL;Warsaw Stock Exchange;50204000;0.5561;14481608;12.66;0.249651;5/31/2024;PLN;12.68;14481608;0.25400098;E004YT9VQ;1;25937273.93;46641384.51;;;
;;;;;;;;;;;;;;;;6/24/2024;SWEACGV;STX EM ACp USD GR;PL508N;PLMNRTR00012;B1L1D98;MONP.WA;MONNARI TRADE;PL;Warsaw Stock Exchange;40401020;0.3986;30563089;6.74;0.249651;5/31/2024;PLN;5.96;30563089;0.25400098;E004YSKWM;1;18442347.15;46267805.2;;;
;;;;;;;;;;;;;;;;6/24/2024;SWEACGV;STX EM ACp USD GR;PL20EQ;PLGRODN00015;B60CMR8;GRNP.WA;GRODNO;PL;Warsaw Stock Exchange;40202025;0.3426;15381861;10.56;0.249651;5/31/2024;PLN;10.9;15381861;0.25400098;E004YTMP7;1;14590095.4;42586384.71;;;
;;;;;;;;;;;;;;;;6/24/2024;SWEACGV;STX EM ACp USD GR;PL11P1;PLSKRBH00014;BSP63W1;SKH1.WA;SKARBIEC HOLDING;PL;Warsaw Stock Exchange;30202010;0.4012;6817838;24.5;0.249651;5/31/2024;PLN;24;6821677;0.25400098;E004YU6IB;1;16683943.51;41585103.47;;;
;;;;;;;;;;;;;;;;6/24/2024;SWEACGV;STX EM ACp USD GR;PL20DP;PLERTEL00011;B1M27J8;EURTL.WA;EUROTEL;PL;Warsaw Stock Exchange;40401030;0.4096;3748255;37;0.249651;5/31/2024;PLN;43.5;3748255;0.25400098;E004YSL9J;1;16963432.17;41414629.32;;;
;;;;;;;;;;;;;;;;6/24/2024;SWEACGV;STX EM ACp USD GR;PL108J;PLSTLPF00012;B0CTLQ7;STFP.WA;STALPROFIL;PL;Warsaw Stock Exchange;55102015;0.4409;17500000;9.3;0.249651;5/31/2024;PLN;8.9;17500000;0.25400098;E004YSLA3;1;17442291.76;39560652.67;;;
;;;;;;;;;;;;;;;;6/24/2024;SWEACGV;STX EM ACp USD GR;PL121E;PLPWRMD00011;B2Q3NY1;IFI.WA;IFIRMA;PL;Warsaw Stock Exchange;10101010;0.4633;6400000;22.6;0.249651;5/31/2024;PLN;23.5;6400000;0.25400098;E004YT9M9;1;17698869.58;38201747.42;;;
;;;;;;;;;;;;;;;;6/24/2024;SWEACGV;STX EM ACp USD GR;474026;PLRAFAK00018;4740261;RFK.WA;RAFAKO;PL;Warsaw Stock Exchange;50202010;0.5578;161439818;0.93;0.249651;5/31/2024;PLN;0.833;161439818;0.25400098;E004YSKUC;1;19053271.82;34157891.39;;;
;;;;;;;;;;;;;;;;6/24/2024;SWEACGV;STX EM ACp USD GR;PL11W8;PLATMSI00016;B4JYX12;ATDP.WA;ATENDE;PL;Warsaw Stock Exchange;10101010;0.671;36343344;3.1;0.249651;5/31/2024;PLN;3;36343344;0.25400098;E004YTGOV;1;18582496.18;27693735;;;
;;;;;;;;;;;;;;;;6/24/2024;SWEACGV;STX EM ACp USD GR;PL204G;PLA340200015;BMWKKJ0;BCSP.WA;BIG CHEESE STUDIO;PL;Warsaw Stock Exchange;40203040;0.4673;4135000;22.5;0.249651;5/31/2024;PLN;21.75;4135000;0.25400098;E004YUWQC;1;10674952.44;22843895.66;;;
;;;;;;;;;;;;;;;;6/24/2024;SWEACGV;STX EM ACp USD GR;PL11NZ;PLPZBDT00013;B2R9XY8;CPRP.WA;COMPREMUM;PL;Warsaw Stock Exchange;50101035;0.5454;44836769;2.03;0.249651;5/31/2024;PLN;1.995;44836769;0.25400098;E004YQDCL;1;12391609.97;22720223.63;;;
;;;;;;;;;;;;;;;;6/24/2024;SWEACGV;STX EM ACp USD GR;712793;PLGSPR000014;7127935;GTN.WA;GETIN HOLDING;PL;Warsaw Stock Exchange;30101010;0.4503;189767342;0.461;0.249651;5/31/2024;PLN;0.46;189767342;0.25400098;E004YR88N;1;9984277.562;22172501.8;;;
;;;;;;;;;;;;;;;;6/24/2024;SWEACGV;STX EM ACp USD GR;PL11Q2;PLULTGM00013;BFMLFX3;ULG.WA;ULTIMATE GAMES;PL;Warsaw Stock Exchange;40203040;0.4656;5230000;11.35;0.249651;5/31/2024;PLN;11.6;5230000;0.25400098;E004YU6PL;1;7174770.971;15409731.47;;;
;;;;;;;;;;;;;;;;6/24/2024;SWEACGV;STX EM ACp USD GR;PL205H;PLBIOMX00015;B5W0MX9;BMX.WA;BIOMAXIMA;PL;Warsaw Stock Exchange;20102010;0.659;4193118;15.7;0.249651;5/31/2024;PLN;13.5;4193118;0.25400098;E004YTBK9;1;9475271.434;14378257.11;;;
;;;;;;;;;;;;;;;;6/24/2024;SWEACGV;STX EM ACp USD GR;PL107I;PLCMRAY00029;B3BFNZ0;CRM.WA;CORMAY;PL;Warsaw Stock Exchange;20102010;0.81;84205008;0.56;0.249651;5/31/2024;PLN;0.606;84205008;0.25400098;E004YT9RS;1;10498589.55;12961221.67;;;
;;;;;;;;;;;;;;;;6/24/2024;SWEACGV;STX EM ACp USD GR;PL11JV;PLMDNCE00016;BFX3925;ICEP.WA;MEDINICE;PL;Warsaw Stock Exchange;20102010;0.6241;6462291;7.65;0.249651;5/31/2024;PLN;7.68;6462291;0.25400098;E004YU5C1;1;7867510.04;12606168.95;;;
;;;;;;;;;;;;;;;;6/24/2024;SWEACGV;STX EM ACp USD GR;PL10S3;PLPRBLG00010;BFMZH39;PUR1.WA;PURE BIOLOGICS;PL;Warsaw Stock Exchange;20103010;0.917;3327812;8.26;0.249651;5/31/2024;PLN;6.7;3327812;0.25400098;E004YU4Z9;1;5193239.054;5663292.316;;;
;;;;;;;;;;;;;;;;;;;;;;;;;;;;;;;;;;;;;;;;;;
